{
  "Metadata": {
    "Name": "Sonic 3 Expanded Sonic",
    "Author": "montydoesgames",
    "Description": "Finally, he's here.",
    "ModVersion": "Version 1.2"
	},
	"Settings":
    {
		"Palette Options":
    	[
		{
				"InternalName": "S3EXPANDEDSONICPALETTE",
				"DisplayName": "Palette",
				"Variable": "S3EPal",
				"DefaultValue": "0",
				"Category": "Palettes",
				"Options":
			{
					"0x00": "Expanded (Default)",
					"0x01": "S1",
					"0x02": "S2",
					"0x03": "S3&K",
					"0x04": "S4",
					"0x05": "Adventure",
					"0x06": "Mania",
					"0x07": "Mania Encore (Sepia)",
					"0x08": "montydoesgames",
					"0x09": "Your own palette!",
			}
		},
		{
				"InternalName": "S3EXPANDEDSONICPEELOUT",
				"DisplayName": "Peelout",
				"Variable": "S3EPeel",
				"DefaultValue": "0",
				"Category": "Animations",
				"Options":
			{
					"0x00": "CD (Default)",
					"0x01": "S2 Beta",
					"0x02": "SegaSonic",
					"0x03": "Adventure",
					"0x04": "Mania",
					"0x05": "Gumball",
					"0x06": "S2 HD",
			}
		}
		]
	}
}"InternalName": "S3EXPANDEDSONICRUN",
				"DisplayName": "Running",
				"Variable": "S3ERunSprite",
				"DefaultValue": "0",
				"Category": "Animations",
				"Options":
			{
					"0x00": "Classic (Default)",
					"0x01": "Generations",
			}
		}
		]
	}
}