{
	"character_supersonic_0x01":  { "File": "Expanded_Super.bmp", "Rect": "8,64,48,48", "Center": "24,28" },
	"character_supersonic_0x02":  { "File": "Expanded_Super.bmp", "Rect": "64,64,48,48", "Center": "24,28" },
	"character_supersonic_0x03":  { "File": "Expanded_Super.bmp", "Rect": "120,64,48,48", "Center": "24,28" },
	"character_supersonic_0x04":  { "File": "Expanded_Super.bmp", "Rect": "176,64,48,48", "Center": "24,28" },
	"character_supersonic_0x05":  { "File": "Expanded_Super.bmp", "Rect": "232,64,48,48", "Center": "24,28" },
	"character_supersonic_0x06":  { "File": "Expanded_Super.bmp", "Rect": "288,64,48,48", "Center": "24,28" },
	"character_supersonic_0x07":  { "File": "Expanded_Super.bmp", "Rect": "344,64,48,48", "Center": "24,28" },
	"character_supersonic_0x08":  { "File": "Expanded_Super.bmp", "Rect": "400,64,48,48", "Center": "24,28" },
	"character_supersonic_0x09":  { "File": "Expanded_Super.bmp", "Rect": "456,4,48,48", "Center": "24,28" },
	"character_supersonic_0x0a":  { "File": "Expanded_Super.bmp", "Rect": "508,8,48,48", "Center": "24,28" },
	"character_supersonic_0x0b":  { "File": "Expanded_Super.bmp", "Rect": "568,8,48,48", "Center": "24,28" },
	"character_supersonic_0x0c":  { "File": "Expanded_Super.bmp", "Rect": "620,8,48,48", "Center": "24,28" },
	"character_supersonic_0x0d":  { "File": "Expanded_Super.bmp", "Rect": "680,4,48,48", "Center": "24,28" },
	"character_supersonic_0x0e":  { "File": "Expanded_Super.bmp", "Rect": "732,4,48,48", "Center": "24,28" },
	"character_supersonic_0x0f":  { "File": "Expanded_Super.bmp", "Rect": "792,8,48,48", "Center": "24,28" },
	"character_supersonic_0x10":  { "File": "Expanded_Super.bmp", "Rect": "848,8,48,48", "Center": "24,28" },
	"character_supersonic_0x11":  { "File": "Expanded_Super.bmp", "Rect": "8,64,48,48", "Center": "24,28" },
	"character_supersonic_0x12":  { "File": "Expanded_Super.bmp", "Rect": "64,64,48,48", "Center": "24,28" },
	"character_supersonic_0x13":  { "File": "Expanded_Super.bmp", "Rect": "120,68,48,48", "Center": "24,28" },
	"character_supersonic_0x14":  { "File": "Expanded_Super.bmp", "Rect": "176,68,48,48", "Center": "24,28" },
	"character_supersonic_0x15":  { "File": "Expanded_Super.bmp", "Rect": "232,64,48,48", "Center": "24,28" },
	"character_supersonic_0x16":  { "File": "Expanded_Super.bmp", "Rect": "288,64,48,48", "Center": "24,28" },
	"character_supersonic_0x17":  { "File": "Expanded_Super.bmp", "Rect": "344,68,48,48", "Center": "24,28" },
	"character_supersonic_0x18":  { "File": "Expanded_Super.bmp", "Rect": "400,68,48,48", "Center": "24,28" },
	"character_supersonic_0x19":  { "File": "Expanded_Super.bmp", "Rect": "452,64,48,48", "Center": "24,28" },
	"character_supersonic_0x1a":  { "File": "Expanded_Super.bmp", "Rect": "512,60,48,48", "Center": "24,28" },
	"character_supersonic_0x1b":  { "File": "Expanded_Super.bmp", "Rect": "568,64,48,48", "Center": "24,28" },
	"character_supersonic_0x1c":  { "File": "Expanded_Super.bmp", "Rect": "624,60,48,48", "Center": "24,28" },
	"character_supersonic_0x1d":  { "File": "Expanded_Super.bmp", "Rect": "676,64,48,48", "Center": "24,28" },
	"character_supersonic_0x1e":  { "File": "Expanded_Super.bmp", "Rect": "732,60,48,48", "Center": "24,28" },
	"character_supersonic_0x1f":  { "File": "Expanded_Super.bmp", "Rect": "792,64,48,48", "Center": "24,28" },
	"character_supersonic_0x20":  { "File": "Expanded_Super.bmp", "Rect": "848,64,48,48", "Center": "24,28" },
	"character_supersonic_0x21":  { "File": "Expanded_Super.bmp", "Rect": "520,64,48,48", "Center": "24,28" },
	"character_supersonic_0x22":  { "File": "Expanded_Super.bmp", "Rect": "576,64,48,48", "Center": "24,28" },
	"character_supersonic_0x23":  { "File": "Expanded_Super.bmp", "Rect": "632,64,48,48", "Center": "24,28" },
	"character_supersonic_0x24":  { "File": "Expanded_Super.bmp", "Rect": "688,64,48,48", "Center": "24,28" },
	"character_supersonic_0x25":  { "File": "Expanded_Super.bmp", "Rect": "232,120,48,48", "Center": "24,28" },
	"character_supersonic_0x26":  { "File": "Expanded_Super.bmp", "Rect": "292,120,48,48", "Center": "24,28" },
	"character_supersonic_0x27":  { "File": "Expanded_Super.bmp", "Rect": "344,120,48,48", "Center": "24,28" },
	"character_supersonic_0x28":  { "File": "Expanded_Super.bmp", "Rect": "404,120,48,48", "Center": "24,28" },
	"character_supersonic_0x29":  { "File": "Expanded_Super.bmp", "Rect": "456,124,48,48", "Center": "24,28" },
	"character_supersonic_0x2a":  { "File": "Expanded_Super.bmp", "Rect": "512,124,48,48", "Center": "24,28" },
	"character_supersonic_0x2b":  { "File": "Expanded_Super.bmp", "Rect": "568,124,48,48", "Center": "24,28" },
	"character_supersonic_0x2c":  { "File": "Expanded_Super.bmp", "Rect": "624,124,48,48", "Center": "24,28" },
	"character_supersonic_0x2d":  { "File": "Expanded_Super.bmp", "Rect": "680,120,48,48", "Center": "24,28" },
	"character_supersonic_0x2e":  { "File": "Expanded_Super.bmp", "Rect": "736,124,48,48", "Center": "24,28" },
	"character_supersonic_0x2f":  { "File": "Expanded_Super.bmp", "Rect": "792,120,48,48", "Center": "24,28" },
	"character_supersonic_0x30":  { "File": "Expanded_Super.bmp", "Rect": "848,124,48,48", "Center": "24,28" },
	"character_supersonic_0x31":  { "File": "Expanded_Super.bmp", "Rect": "8,232,48,48", "Center": "24,28" },
	"character_supersonic_0x32":  { "File": "Expanded_Super.bmp", "Rect": "64,232,48,48", "Center": "24,28" },
	"character_supersonic_0x33":  { "File": "Expanded_Super.bmp", "Rect": "120,232,48,48", "Center": "24,28" },
	"character_supersonic_0x34":  { "File": "Expanded_Super.bmp", "Rect": "176,232,48,48", "Center": "24,28" },
	"character_supersonic_0x35":  { "File": "Expanded_Super.bmp", "Rect": "232,232,48,51", "Center": "24,28" },
	"character_supersonic_0x36":  { "File": "Expanded_Super.bmp", "Rect": "288,232,48,52", "Center": "24,28" },
	"character_supersonic_0x37":  { "File": "Expanded_Super.bmp", "Rect": "344,232,48,53", "Center": "24,28" },
	"character_supersonic_0x38":  { "File": "Expanded_Super.bmp", "Rect": "400,232,48,48", "Center": "24,28" },
	"character_supersonic_0x39":  { "File": "Expanded_Super.bmp", "Rect": "456,232,48,48", "Center": "24,28" },
	"character_supersonic_0x3a":  { "File": "Expanded_Super.bmp", "Rect": "512,232,48,48", "Center": "24,28" },
	"character_supersonic_0x3b":  { "File": "Expanded_Super.bmp", "Rect": "568,232,48,48", "Center": "24,28" },
	"character_supersonic_0x3c":  { "File": "Expanded_Super.bmp", "Rect": "624,232,48,48", "Center": "24,28" },
	"character_supersonic_0x3d":  { "File": "Expanded_Super.bmp", "Rect": "8,288,48,48", "Center": "24,28" },
	"character_supersonic_0x3e":  { "File": "Expanded_Super.bmp", "Rect": "64,288,48,48", "Center": "24,28" },
	"character_supersonic_0x3f":  { "File": "Expanded_Super.bmp", "Rect": "120,288,48,48", "Center": "24,28" },
	"character_supersonic_0x40":  { "File": "Expanded_Super.bmp", "Rect": "176,288,48,48", "Center": "24,28" },
	"character_supersonic_0x41":  { "File": "Expanded_Super.bmp", "Rect": "232,288,48,48", "Center": "24,28" },
	"character_supersonic_0x42":  { "File": "Expanded_Super.bmp", "Rect": "288,288,48,52", "Center": "24,28" },
	"character_supersonic_0x43":  { "File": "Expanded_Super.bmp", "Rect": "344,288,48,49", "Center": "24,28" },
	"character_supersonic_0x44":  { "File": "Expanded_Super.bmp", "Rect": "400,288,48,48", "Center": "24,28" },
	"character_supersonic_0x45":  { "File": "Expanded_Super.bmp", "Rect": "456,288,48,44", "Center": "24,28" },
	"character_supersonic_0x46":  { "File": "Expanded_Super.bmp", "Rect": "512,288,48,48", "Center": "24,28" },
	"character_supersonic_0x47":  { "File": "Expanded_Super.bmp", "Rect": "568,288,48,48", "Center": "24,28" },
	"character_supersonic_0x48":  { "File": "Expanded_Super.bmp", "Rect": "624,288,48,48", "Center": "24,28" },
	"character_supersonic_0x49":  { "File": "Expanded_Super.bmp", "Rect": "8,400,48,48", "Center": "24,28" },
	"character_supersonic_0x4a":  { "File": "Expanded_Super.bmp", "Rect": "64,400,48,47", "Center": "24,28" },
	"character_supersonic_0x4b":  { "File": "Expanded_Super.bmp", "Rect": "120,400,48,48", "Center": "24,28" },
	"character_supersonic_0x4c":  { "File": "Expanded_Super.bmp", "Rect": "176,400,48,48", "Center": "24,28" },
	"character_supersonic_0x4d":  { "File": "Expanded_Super.bmp", "Rect": "232,400,48,48", "Center": "24,28" },
	"character_supersonic_0x4e":  { "File": "Expanded_Super.bmp", "Rect": "288,400,48,48", "Center": "24,28" },
	"character_supersonic_0x4f":  { "File": "Expanded_Super.bmp", "Rect": "344,400,48,48", "Center": "24,28" },
	"character_supersonic_0x50":  { "File": "Expanded_Super.bmp", "Rect": "400,400,48,48", "Center": "24,28" },
	"character_supersonic_0x51":  { "File": "Expanded_Super.bmp", "Rect": "456,400,48,48", "Center": "24,28" },
	"character_supersonic_0x52":  { "File": "Expanded_Super.bmp", "Rect": "512,400,48,48", "Center": "24,28" },
	"character_supersonic_0x53":  { "File": "Expanded_Super.bmp", "Rect": "568,400,48,48", "Center": "24,28" },
	"character_supersonic_0x54":  { "File": "Expanded_Super.bmp", "Rect": "624,400,48,48", "Center": "24,28" },
	"character_supersonic_0x55":  { "File": "Expanded_Super.bmp", "Rect": "8,176,48,48", "Center": "24,28" },
	"character_supersonic_0x56":  { "File": "Expanded_Super.bmp", "Rect": "64,176,48,48", "Center": "24,28" },
	"character_supersonic_0x57":  { "File": "Expanded_Super.bmp", "Rect": "120,176,48,48", "Center": "24,28" },
	"character_supersonic_0x58":  { "File": "Expanded_Super.bmp", "Rect": "176,176,48,48", "Center": "24,28" },
	"character_supersonic_0x59":  { "File": "Expanded_Super.bmp", "Rect": "232,176,48,48", "Center": "24,28" },
	"character_supersonic_0x5a":  { "File": "Expanded_Super.bmp", "Rect": "288,176,48,48", "Center": "24,28" },
	"character_supersonic_0x5b":  { "File": "Expanded_Super.bmp", "Rect": "344,176,48,48", "Center": "24,28" },
	"character_supersonic_0x5c":  { "File": "Expanded_Super.bmp", "Rect": "8,344,50,48", "Center": "24,28" },
	"character_supersonic_0x5d":  { "File": "Expanded_Super.bmp", "Rect": "64,344,48,48", "Center": "24,28" },
	"character_supersonic_0x5e":  { "File": "Expanded_Super.bmp", "Rect": "120,344,48,48", "Center": "24,28" },
	"character_supersonic_0x5f":  { "File": "Expanded_Super.bmp", "Rect": "176,344,48,48", "Center": "24,28" },
	"character_supersonic_0x60":  { "File": "Expanded_Super.bmp", "Rect": "232,344,48,48", "Center": "24,28" },
	"character_supersonic_0x61":  { "File": "Expanded_Super.bmp", "Rect": "288,344,48,48", "Center": "28,28" },
	"character_supersonic_0x62":  { "File": "Expanded_Super.bmp", "Rect": "8,8,48,48", "Center": "24,28" },
	"character_supersonic_0x63":  { "File": "Expanded_Super.bmp", "Rect": "520,344,48,50", "Center": "24,28" },
	"character_supersonic_0x64":  { "File": "Expanded_Super.bmp", "Rect": "576,344,48,48", "Center": "24,28" },
	"character_supersonic_0x65":  { "File": "Expanded_Super.bmp", "Rect": "632,344,48,48", "Center": "24,28" },
	"character_supersonic_0x66":  { "File": "Expanded_Super.bmp", "Rect": "688,344,48,49", "Center": "24,28" },
	"character_supersonic_0x67":  { "File": "Expanded_Super.bmp", "Rect": "744,344,48,48", "Center": "24,28" },
	"character_supersonic_0x68":  { "File": "Expanded_Super.bmp", "Rect": "800,344,48,48", "Center": "24,28" },
	"character_supersonic_0x69":  { "File": "Expanded_Super.bmp", "Rect": "8,456,48,48", "Center": "24,28" },
	"character_supersonic_0x6a":  { "File": "Expanded_Super.bmp", "Rect": "64,456,48,48", "Center": "24,28" },
	"character_supersonic_0x6b":  { "File": "Expanded_Super.bmp", "Rect": "120,456,48,48", "Center": "24,28" },
	"character_supersonic_0x6c":  { "File": "Expanded_Super.bmp", "Rect": "184,456,48,48", "Center": "24,28" },
	"character_supersonic_0x6d":  { "File": "Expanded_Super.bmp", "Rect": "240,456,48,48", "Center": "24,28" },
	"character_supersonic_0x6e":  { "File": "Expanded_Super.bmp", "Rect": "296,456,48,48", "Center": "24,28" },
	"character_supersonic_0x6f":  { "File": "Expanded_Super.bmp", "Rect": "352,456,48,48", "Center": "24,28" },
	"character_supersonic_0x70":  { "File": "Expanded_Super.bmp", "Rect": "408,456,48,48", "Center": "24,28" },
	"character_supersonic_0x71":  { "File": "Expanded_Super.bmp", "Rect": "464,456,48,48", "Center": "24,28" },
	"character_supersonic_0x72":  { "File": "Expanded_Super.bmp", "Rect": "520,456,48,48", "Center": "24,28" },
	"character_supersonic_0x73":  { "File": "Expanded_Super.bmp", "Rect": "576,456,48,48", "Center": "24,28" },
	"character_supersonic_0x74":  { "File": "Expanded_Super.bmp", "Rect": "632,456,48,48", "Center": "24,28" },
	"character_supersonic_0x75":  { "File": "Expanded_Super.bmp", "Rect": "688,456,48,48", "Center": "24,28" },
	"character_supersonic_0x76":  { "File": "Expanded_Super.bmp", "Rect": "744,456,48,48", "Center": "24,28" },
	"character_supersonic_0x77":  { "File": "Expanded_Super.bmp", "Rect": "800,456,48,48", "Center": "24,28" },
	"character_supersonic_0x78":  { "File": "Expanded_Super.bmp", "Rect": "808,176,48,48", "Center": "24,28" },
	"character_supersonic_0x79":  { "File": "Expanded_Super.bmp", "Rect": "452,400,48,48", "Center": "24,28" },
	"character_supersonic_0x7a":  { "File": "Expanded_Super.bmp", "Rect": "508,400,48,48", "Center": "24,28" },
	"character_supersonic_0x7b":  { "File": "Expanded_Super.bmp", "Rect": "568,396,48,48", "Center": "24,28" },
	"character_supersonic_0x7c":  { "File": "Expanded_Super.bmp", "Rect": "624,396,48,48", "Center": "24,28" },
	"character_supersonic_0x7d":  { "File": "Expanded_Super.bmp", "Rect": "676,400,48,48", "Center": "24,28" },
	"character_supersonic_0x7e":  { "File": "Expanded_Super.bmp", "Rect": "732,400,48,48", "Center": "24,28" },
	"character_supersonic_0x7f":  { "File": "Expanded_Super.bmp", "Rect": "792,396,48,48", "Center": "24,28" },
	"character_supersonic_0x80":  { "File": "Expanded_Super.bmp", "Rect": "8,507,48,51", "Center": "24,29" },
	"character_supersonic_0x81":  { "File": "Expanded_Super.bmp", "Rect": "64,511,48,50", "Center": "24,25" },
	"character_supersonic_0x82":  { "File": "Expanded_Super.bmp", "Rect": "120,511,48,51", "Center": "24,25" },
	"character_supersonic_0x83":  { "File": "Expanded_Super.bmp", "Rect": "176,508,48,52", "Center": "24,28" },
	"character_supersonic_0x84":  { "File": "Expanded_Super.bmp", "Rect": "232,508,48,52", "Center": "24,28" },
	"character_supersonic_0x85":  { "File": "Expanded_Super.bmp", "Rect": "288,508,48,52", "Center": "24,28" },
	"character_supersonic_0x86":  { "File": "Expanded_Super.bmp", "Rect": "416,120,48,48", "Center": "24,28" },
	"character_supersonic_0x87":  { "File": "Expanded_Super.bmp", "Rect": "472,120,48,48", "Center": "24,28" },
	"character_supersonic_0x88":  { "File": "Expanded_Super.bmp", "Rect": "528,120,48,48", "Center": "24,28" },
	"character_supersonic_0x89":  { "File": "Expanded_Super.bmp", "Rect": "584,120,48,48", "Center": "24,28" },
	"character_supersonic_0x8a":  { "File": "Expanded_Super.bmp", "Rect": "640,120,48,48", "Center": "24,28" },
	"character_supersonic_0x8b":  { "File": "Expanded_Super.bmp", "Rect": "696,120,48,48", "Center": "24,28" },
	"character_supersonic_0x8c":  { "File": "Expanded_Super.bmp", "Rect": "757,120,48,48", "Center": "27,28" },
	"character_supersonic_0x8d":  { "File": "Expanded_Super.bmp", "Rect": "813,120,51,48", "Center": "27,28" },
	"character_supersonic_0x8e":  { "File": "Expanded_Super.bmp", "Rect": "888,8,48,48", "Center": "24,28" },
	"character_supersonic_0x8f":  { "File": "Expanded_Super.bmp", "Rect": "943,8,53,48", "Center": "33,28" },
	"character_supersonic_0x90":  { "File": "Expanded_Super.bmp", "Rect": "352,512,48,48", "Center": "24,24" },
	"character_supersonic_0x91":  { "File": "Expanded_Super.bmp", "Rect": "408,511,48,48", "Center": "24,25" },
	"character_supersonic_0x92":  { "File": "Expanded_Super.bmp", "Rect": "464,509,48,48", "Center": "23,27" },
	"character_supersonic_0x93":  { "File": "Expanded_Super.bmp", "Rect": "520,509,48,48", "Center": "24,27" },
	"character_supersonic_0x94":  { "File": "Expanded_Super.bmp", "Rect": "584,512,48,49", "Center": "24,24" },
	"character_supersonic_0x95":  { "File": "Expanded_Super.bmp", "Rect": "640,512,48,50", "Center": "24,24" },
	"character_supersonic_0x96":  { "File": "Expanded_Super.bmp", "Rect": "8,120,48,48", "Center": "24,32" },
	"character_supersonic_0x97":  { "File": "Expanded_Super.bmp", "Rect": "64,120,48,48", "Center": "24,32" },
	"character_supersonic_0x98":  { "File": "Expanded_Super.bmp", "Rect": "120,120,48,48", "Center": "24,32" },
	"character_supersonic_0x99":  { "File": "Expanded_Super.bmp", "Rect": "176,120,48,48", "Center": "24,32" },
	"character_supersonic_0x9a":  { "File": "Expanded_Super.bmp", "Rect": "232,120,48,48", "Center": "24,32" },
	"character_supersonic_0x9b":  { "File": "Expanded_Super.bmp", "Rect": "768,8,48,48", "Center": "24,28" },
	"character_supersonic_0x9c":  { "File": "Expanded_Super.bmp", "Rect": "824,8,48,48", "Center": "24,28" },
	"character_supersonic_0x9d":  { "File": "Expanded_Super.bmp", "Rect": "592,568,48,48", "Center": "24,28" },
	"character_supersonic_0x9e":  { "File": "Expanded_Super.bmp", "Rect": "648,568,48,48", "Center": "24,28" },
	"character_supersonic_0x9f":  { "File": "Expanded_Super.bmp", "Rect": "704,568,48,48", "Center": "24,28" },
	"character_supersonic_0xa0":  { "File": "Expanded_Super.bmp", "Rect": "768,568,48,48", "Center": "24,28" },
	"character_supersonic_0xa1":  { "File": "Expanded_Super.bmp", "Rect": "240,568,48,48", "Center": "24,28" },
	"character_supersonic_0xa2":  { "File": "Expanded_Super.bmp", "Rect": "296,568,48,48", "Center": "25,28" },
	"character_supersonic_0xa3":  { "File": "Expanded_Super.bmp", "Rect": "352,568,48,48", "Center": "24,28" },
	"character_supersonic_0xa4":  { "File": "Expanded_Super.bmp", "Rect": "416,568,48,48", "Center": "24,28" },
	"character_supersonic_0xa5":  { "File": "Expanded_Super.bmp", "Rect": "472,568,48,48", "Center": "25,28" },
	"character_supersonic_0xa6":  { "File": "Expanded_Super.bmp", "Rect": "528,568,48,48", "Center": "24,28" },
	"character_supersonic_0xa7":  { "File": "Expanded_Super.bmp", "Rect": "520,8,48,48", "Center": "24,28" },
	"character_supersonic_0xa8":  { "File": "Expanded_Super.bmp", "Rect": "8,8,48,48", "Center": "24,28" },
	"character_supersonic_0xa9":  { "File": "Expanded_Super.bmp", "Rect": "584,8,48,48", "Center": "24,28" },
	"character_supersonic_0xaa":  { "File": "Expanded_Super.bmp", "Rect": "864,344,56,48", "Center": "28,28" },
	"character_supersonic_0xab":  { "File": "Expanded_Super.bmp", "Rect": "928,344,56,48", "Center": "28,28" },
	"character_supersonic_0xac":  { "File": "Expanded_Super.bmp", "Rect": "880,120,48,48", "Center": "24,28" },
	"character_supersonic_0xad":  { "File": "Expanded_Super.bmp", "Rect": "288,8,48,48", "Center": "24,28" },
	"character_supersonic_0xae":  { "File": "Expanded_Super.bmp", "Rect": "344,8,48,48", "Center": "24,28" },
	"character_supersonic_0xaf":  { "File": "Expanded_Super.bmp", "Rect": "400,8,48,48", "Center": "24,28" },
	"character_supersonic_0xb0":  { "File": "Expanded_Super.bmp", "Rect": "752,680,48,48", "Center": "24,28" },
	"character_supersonic_0xb1":  { "File": "Expanded_Super.bmp", "Rect": "808,680,48,48", "Center": "24,28" },
	"character_supersonic_0xb2":  { "File": "Expanded_Super.bmp", "Rect": "864,680,48,48", "Center": "24,28" },
	"character_supersonic_0xb3":  { "File": "Expanded_Super.bmp", "Rect": "920,680,48,48", "Center": "24,28" },
	"character_supersonic_0xb4":  { "File": "Expanded_Super.bmp", "Rect": "864,272,48,56", "Center": "28,28" },
	"character_supersonic_0xb5":  { "File": "Expanded_Super.bmp", "Rect": "920,272,48,56", "Center": "28,28" },
	"character_supersonic_0xb6":  { "File": "Expanded_Super.bmp", "Rect": "8,568,48,48", "Center": "24,28" },
	"character_supersonic_0xb7":  { "File": "Expanded_Super.bmp", "Rect": "64,568,48,48", "Center": "24,28" },
	"character_supersonic_0xb8":  { "File": "Expanded_Super.bmp", "Rect": "120,568,48,48", "Center": "24,28" },
	"character_supersonic_0xb9":  { "File": "Expanded_Super.bmp", "Rect": "176,568,48,48", "Center": "24,28" },
	"character_supersonic_0xba":  { "File": "Expanded_Super.bmp", "Rect": "8,8,48,48", "Center": "24,28" },
	"character_supersonic_0xbb":  { "File": "Expanded_Super.bmp", "Rect": "64,8,48,48", "Center": "24,28" },
	"character_supersonic_0xbc":  { "File": "Expanded_Super.bmp", "Rect": "120,8,48,48", "Center": "24,28" },
	"character_supersonic_0xbd":  { "File": "Expanded_Super.bmp", "Rect": "176,8,48,48", "Center": "24,28" },
	"character_supersonic_0xbe":  { "File": "Expanded_Super.bmp", "Rect": "232,8,48,48", "Center": "24,28" },
	"character_supersonic_0xbf":  { "File": "Expanded_Super.bmp", "Rect": "796,624,48,48", "Center": "24,28" },
	"character_supersonic_0xc0":  { "File": "Expanded_Super.bmp", "Rect": "852,624,48,48", "Center": "24,28" },
	"character_supersonic_0xc1":  { "File": "Expanded_Super.bmp", "Rect": "12,680,48,48", "Center": "24,28" },
	"character_supersonic_0xc2":  { "File": "Expanded_Super.bmp", "Rect": "68,680,48,48", "Center": "24,28" },
	"character_supersonic_0xc3":  { "File": "Expanded_Super.bmp", "Rect": "646,8,48,48", "Center": "26,28" },
	"character_supersonic_0xc4":  { "File": "Expanded_Super.bmp", "Rect": "696,8,48,48", "Center": "32,28" },
	"character_supersonic_0xc5":  { "File": "Expanded_Super.bmp", "Rect": "236,680,48,48", "Center": "24,28" },
	"character_supersonic_0xc6":  { "File": "Expanded_Super.bmp", "Rect": "292,680,48,48", "Center": "24,28" },
	"character_supersonic_0xc7":  { "File": "Expanded_Super.bmp", "Rect": "348,680,48,48", "Center": "24,28" },
	"character_supersonic_0xc8":  { "File": "Expanded_Super.bmp", "Rect": "8,680,48,48", "Center": "24,28" },
	"character_supersonic_0xc9":  { "File": "Expanded_Super.bmp", "Rect": "64,680,48,48", "Center": "24,28" },
	"character_supersonic_0xca":  { "File": "Expanded_Super.bmp", "Rect": "120,680,48,48", "Center": "24,28" },
	"character_supersonic_0xcb":  { "File": "Expanded_Super.bmp", "Rect": "176,680,48,48", "Center": "24,28" },
	"character_supersonic_0xcc":  { "File": "Expanded_Super.bmp", "Rect": "232,680,48,48", "Center": "24,28" },
	"character_supersonic_0xcd":  { "File": "Expanded_Super.bmp", "Rect": "288,680,48,48", "Center": "24,28" },
	"character_supersonic_0xce":  { "File": "Expanded_Super.bmp", "Rect": "344,680,48,48", "Center": "24,28" },
	"character_supersonic_0xcf":  { "File": "Expanded_Super.bmp", "Rect": "400,680,48,48", "Center": "24,28" },
	"character_supersonic_0xd0":  { "File": "Expanded_Super.bmp", "Rect": "685,232,48,48", "Center": "27,28" },
	"character_supersonic_0xd1":  { "File": "Expanded_Super.bmp", "Rect": "741,232,48,48", "Center": "27,28" },
	"character_supersonic_0xd2":  { "File": "Expanded_Super.bmp", "Rect": "464,680,48,48", "Center": "24,28" },
	"character_supersonic_0xd3":  { "File": "Expanded_Super.bmp", "Rect": "520,680,48,48", "Center": "24,28" },
	"character_supersonic_0xd4":  { "File": "Expanded_Super.bmp", "Rect": "576,680,48,48", "Center": "24,28" },
	"character_supersonic_0xd5":  { "File": "Expanded_Super.bmp", "Rect": "632,680,48,48", "Center": "24,28" },
	"character_supersonic_0xd6":  { "File": "Expanded_Super.bmp", "Rect": "688,680,48,48", "Center": "24,28" },
	"character_supersonic_0xd7":  { "File": "Expanded_Super.bmp", "Rect": "685,232,48,48", "Center": "27,28" },
	"character_supersonic_0xd8":  { "File": "Expanded_Super.bmp", "Rect": "741,232,48,48", "Center": "27,28" },
	"character_supersonic_0xd9":  { "File": "Expanded_Super.bmp", "Rect": "456,8,48,48", "Center": "24,28" },
	"character_supersonic_0xda":  { "File": "Expanded_Super.bmp", "Rect": "516,736,48,48", "Center": "24,28" },
	"character_supersonic_0xdb":  { "File": "Expanded_Super.bmp", "Rect": "572,736,48,48", "Center": "24,28" },
	"character_supersonic_0xdc":  { "File": "Expanded_Super.bmp", "Rect": "628,736,48,48", "Center": "24,28" },
	"character_supersonic_0xdd":  { "File": "Expanded_Super.bmp", "Rect": "684,736,48,48", "Center": "24,28" },
	"character_supersonic_0xde":  { "File": "Expanded_Super.bmp", "Rect": "740,736,48,48", "Center": "24,28" },
	"character_supersonic_0xdf":  { "File": "Expanded_Super.bmp", "Rect": "8,624,48,48", "Center": "24,28" },
	"character_supersonic_0xe0":  { "File": "Expanded_Super.bmp", "Rect": "64,624,48,40", "Center": "24,28" },
	"character_supersonic_0xe1":  { "File": "Expanded_Super.bmp", "Rect": "120,624,48,48", "Center": "24,28" },
	"character_supersonic_0xe2":  { "File": "Expanded_Super.bmp", "Rect": "176,624,48,48", "Center": "24,28" },
	"character_supersonic_0xe3":  { "File": "Expanded_Super.bmp", "Rect": "232,624,48,48", "Center": "24,28" },
	"character_supersonic_0xe4":  { "File": "Expanded_Super.bmp", "Rect": "408,176,48,48", "Center": "24,24" },
	"character_supersonic_0xe5":  { "File": "Expanded_Super.bmp", "Rect": "464,176,48,48", "Center": "24,24" },
	"character_supersonic_0xe6":  { "File": "Expanded_Super.bmp", "Rect": "520,176,48,48", "Center": "24,24" },
	"character_supersonic_0xe7":  { "File": "Expanded_Super.bmp", "Rect": "576,176,48,48", "Center": "24,24" },
	"character_supersonic_0xe8":  { "File": "Expanded_Super.bmp", "Rect": "632,176,48,48", "Center": "24,24" },
	"character_supersonic_0xe9":  { "File": "Expanded_Super.bmp", "Rect": "688,176,48,48", "Center": "24,24" },
	"character_supersonic_0xea":  { "File": "Expanded_Super.bmp", "Rect": "744,176,48,48", "Center": "24,24" },
	"character_supersonic_0xeb":  { "File": "Expanded_Super.bmp", "Rect": "8,8,48,48", "Center": "24,28" },
	"character_supersonic_0xec":  { "File": "Expanded_Super.bmp", "Rect": "620,792,48,48", "Center": "24,28" },
	"character_supersonic_0xed":  { "File": "Expanded_Super.bmp", "Rect": "684,788,48,48", "Center": "24,28" },
	"character_supersonic_0xee":  { "File": "Expanded_Super.bmp", "Rect": "732,792,48,48", "Center": "24,28" },
	"character_supersonic_0xef":  { "File": "Expanded_Super.bmp", "Rect": "296,624,48,48", "Center": "24,28" },
	"character_supersonic_0xf0":  { "File": "Expanded_Super.bmp", "Rect": "352,624,48,48", "Center": "24,28" },
	"character_supersonic_0xf1":  { "File": "Expanded_Super.bmp", "Rect": "408,624,48,48", "Center": "24,28" },
	"character_supersonic_0xf2":  { "File": "Expanded_Super.bmp", "Rect": "464,624,48,48", "Center": "24,28" },
	"character_supersonic_0xf3":  { "File": "Expanded_Super.bmp", "Rect": "520,624,48,48", "Center": "24,28" },
	"character_supersonic_0xf4":  { "File": "Expanded_Super.bmp", "Rect": "576,624,48,48", "Center": "24,28" },
	"character_supersonic_0xf5":  { "File": "Expanded_Super.bmp", "Rect": "632,624,48,48", "Center": "24,28" },
	"character_supersonic_0xf6":  { "File": "Expanded_Super.bmp", "Rect": "688,624,48,48", "Center": "24,28" },
	"character_supersonic_0xf7":  { "File": "Expanded_Super.bmp", "Rect": "744,624,48,48", "Center": "24,28" },
	"character_supersonic_0xf8":  { "File": "Expanded_Super.bmp", "Rect": "800,624,48,48", "Center": "24,28" },
	"character_supersonic_0xf9":  { "File": "Expanded_Super.bmp", "Rect": "856,624,48,48", "Center": "24,28" },
	"character_supersonic_0xfa":  { "File": "Expanded_Super.bmp", "Rect": "912,624,48,48", "Center": "24,28" },
	"character_supersonic_snowboarding_0x01":  { "File": "Expanded_Super.bmp", "Rect": "480,736,48,64", "Center": "28,24" },
	"character_supersonic_snowboarding_0x02":  { "File": "Expanded_Super.bmp", "Rect": "600,736,56,56", "Center": "28,24" },
	"character_supersonic_snowboarding_0x03":  { "File": "Expanded_Super.bmp", "Rect": "728,736,56,56", "Center": "28,24" },
	"character_supersonic_snowboarding_0x04":  { "File": "Expanded_Super.bmp", "Rect": "536,736,56,56", "Center": "28,24" },
	"character_supersonic_snowboarding_0x05":  { "File": "Expanded_Super.bmp", "Rect": "664,736,56,56", "Center": "28,24" },
	"character_supersonic_snowboarding_0x06":  { "File": "Expanded_Super.bmp", "Rect": "264,736,56,56", "Center": "28,24" },
	"character_supersonic_snowboarding_0x07":  { "File": "Expanded_Super.bmp", "Rect": "336,736,56,56", "Center": "28,24" },
	"character_supersonic_snowboarding_0x08":  { "File": "Expanded_Super.bmp", "Rect": "400,736,56,56", "Center": "28,24" },
	"character_supersonic_snowboarding_0x09":  { "File": "Expanded_Super.bmp", "Rect": "8,736,56,56", "Center": "28,16" },
	"character_supersonic_snowboarding_0x0a":  { "File": "Expanded_Super.bmp", "Rect": "72,736,56,56", "Center": "20,8" },
	"character_supersonic_snowboarding_0x0b":  { "File": "Expanded_Super.bmp", "Rect": "200,736,56,56", "Center": "20,20" },
	"character_supersonic_snowboarding_0x0c":  { "File": "Expanded_Super.bmp", "Rect": "136,736,56,56", "Center": "28,20" },
	"supersonic_dropdash_0":  { "File": "Expanded_Super.bmp", "Rect": "296,120,48,48", "Center": "24,32" },
	"supersonic_dropdash_1":  { "File": "Expanded_Super.bmp", "Rect": "352,120,48,48", "Center": "24,32" },
	"supersonic_peelout_0":  { "File": "Expanded_Super.bmp", "Rect": "752,64,48,48", "Center": "24,28" },
	"supersonic_peelout_1":  { "File": "Expanded_Super.bmp", "Rect": "808,64,48,48", "Center": "24,28" },
	"supersonic_peelout_2":  { "File": "Expanded_Super.bmp", "Rect": "864,64,48,48", "Center": "24,28" },
	"supersonic_peelout_3":  { "File": "Expanded_Super.bmp", "Rect": "920,64,48,48", "Center": "24,28" }
}