{
    //Sonic 2 Beta
	"sonic_peelout_S2B_0": { "File": "Peels.bmp", "Rect":  "7,3,48,48", "Center": "24,28" },
	"sonic_peelout_S2B_1": { "File": "Peels.bmp", "Rect": "63,3,48,48", "Center": "24,28" },
	"sonic_peelout_S2B_2": { "File": "Peels.bmp", "Rect": "119,3,48,48", "Center": "24,28" },
	"sonic_peelout_S2B_3": { "File": "Peels.bmp", "Rect":"175,3,48,48", "Center": "24,28" },

    //SS (Not quite sure what game this actually is from, so it's still shortened)
	"sonic_peelout_SS_0": { "File": "Peels.bmp", "Rect":  "7,57,48,48", "Center": "24,28" },
	"sonic_peelout_SS_1": { "File": "Peels.bmp", "Rect": "63,57,48,48", "Center": "24,28" },
	"sonic_peelout_SS_2": { "File": "Peels.bmp", "Rect": "119,57,48,48", "Center": "24,28" },
	"sonic_peelout_SS_3": { "File": "Peels.bmp", "Rect":"175,57,48,48", "Center": "24,28" },

    //Sonic Adventure 1&2
	"sonic_peelout_SA_0": { "File": "Peels.bmp", "Rect":  "7,111,48,48", "Center": "24,28" },
	"sonic_peelout_SA_1": { "File": "Peels.bmp", "Rect": "63,111,48,48", "Center": "24,28" },
	"sonic_peelout_SA_2": { "File": "Peels.bmp", "Rect": "119,111,48,48", "Center": "24,28" },
	"sonic_peelout_SA_3": { "File": "Peels.bmp", "Rect":"175,111,48,48", "Center": "24,28" },

    //The Amazing World of Gumball
	"sonic_peelout_G_0": { "File": "Peels.bmp", "Rect":  "7,165,48,48", "Center": "24,28" },
	"sonic_peelout_G_1": { "File": "Peels.bmp", "Rect": "63,165,48,48", "Center": "24,28" },
	"sonic_peelout_G_2": { "File": "Peels.bmp", "Rect": "119,165,48,48", "Center": "24,28" },
	"sonic_peelout_G_3": { "File": "Peels.bmp", "Rect":"175,165,48,48", "Center": "24,28" },

    //Sonic Mania
	"sonic_peelout_M_0": { "File": "Peels.bmp", "Rect":  "7,219,48,48", "Center": "24,28" },
	"sonic_peelout_M_1": { "File": "Peels.bmp", "Rect": "63,219,48,48", "Center": "24,28" },
	"sonic_peelout_M_2": { "File": "Peels.bmp", "Rect": "119,219,48,48", "Center": "24,28" },
	"sonic_peelout_M_3": { "File": "Peels.bmp", "Rect":"175,219,48,48", "Center": "24,28" },

    //Last but not least, Sonic 2 HD
	"sonic_peelout_S2HD_0": { "File": "Peels.bmp", "Rect":  "7,273,48,48", "Center": "24,28" },
	"sonic_peelout_S2HD_1": { "File": "Peels.bmp", "Rect": "63,273,48,48", "Center": "24,28" },
	"sonic_peelout_S2HD_2": { "File": "Peels.bmp", "Rect": "119,273,48,48", "Center": "24,28" },
	"sonic_peelout_S2HD_3": { "File": "Peels.bmp", "Rect":"175,273,48,48", "Center": "24,28" }
}