{

	// ----- HUD ----- //

	"hud_lives_icon_Exp":    { "File": "S3ELIFE.png", "Rect": "0,0,0,16" },
	"hud_lives_icon_One":    { "File": "S1LIFE.png", "Rect": "0,0,0,16" },
	"hud_lives_icon_Two": { "File": "S2LIFE.png", "Rect": "0,0,50,16" },
	"hud_lives_icon_3nK": { "File": "S3LIFE.png", "Rect": "0,0,48,16" },
	"hud_lives_icon_bad": { "File": "S4life.png", "Rect": "0,0,48,16" },
	"hud_lives_icon_adv": { "File": "SAlife.png", "Rect": "0,0,48,16" },
	"hud_lives_icon_Man": { "File": "MLIFE.png", "Rect": "0,0,48,16" },
	"hud_lives_icon_MEn": { "File": "MELIFE.png", "Rect": "0,0,48,16" },
	"hud_lives_icon_MDG": { "File": "MDGLIFE.png", "Rect": "0,0,48,16" },
	"hud_lives_icon_CUS": { "File": "CUSLIFE.png", "Rect": "0,0,48,16" }

}