{
	"character_sonic_0x25": { "File": "rotationrunning.bmp", "Rect": "8,60,48,48", "Center": "24,28" },
	"character_sonic_0x26": { "File": "rotationrunning.bmp", "Rect": "64,60,48,48", "Center": "24,28" },
	"character_sonic_0x27": { "File": "rotationrunning.bmp", "Rect": "120,60,48,48", "Center": "24,28" },
	"character_sonic_0x28": { "File": "rotationrunning.bmp", "Rect": "176,60,48,48", "Center": "24,28" },
	"character_sonic_0x29": { "File": "rotationrunning.bmp", "Rect": "8,116,48,48", "Center": "28,24" },
	"character_sonic_0x2a": { "File": "rotationrunning.bmp", "Rect": "64,116,48,48", "Center": "28,24" },
	"character_sonic_0x2b": { "File": "rotationrunning.bmp", "Rect": "120,116,48,48", "Center": "28,24" },
	"character_sonic_0x2c": { "File": "rotationrunning.bmp", "Rect": "176,116,48,48", "Center": "28,24" },
	"character_sonic_0x2d": { "File": "rotationrunning.bmp", "Rect": "8,172,48,48", "Center": "24,28" },
	"character_sonic_0x2e": { "File": "rotationrunning.bmp", "Rect": "64,172,48,48", "Center": "24,28" },
	"character_sonic_0x2f": { "File": "rotationrunning.bmp", "Rect": "120,172,48,48", "Center": "24,28" },
	"character_sonic_0x30": { "File": "rotationrunning.bmp", "Rect": "176,172,48,48", "Center": "24,28" }
}