{
	"signpost_sonic": { "File": "Expanded_Misc.bmp", "Rect": "176,120,48,48", "Center": "24,24" },

	"character_sonic_continue_0x00": { "File": "Expanded_Misc.bmp", "Rect": "8,8,48,48", "Center": "24,28" },
	"character_sonic_continue_0x01": { "File": "Expanded_Misc.bmp", "Rect": "64,8,48,48", "Center": "24,28" },

	"continue_icon_sonic_wait_0x00": { "File": "Expanded_Misc.bmp", "Rect": "128,8,40,40", "Center": "20,20" },
	"continue_icon_sonic_wait_0x01": { "File": "Expanded_Misc.bmp", "Rect": "176,8,40,40", "Center": "20,20" },

	"character_sonic_ending_0x00": { "File": "Expanded_Misc.bmp", "Rect": "8,64,48,48", "Center": "24,24" },
	"character_sonic_ending_0x01": { "File": "Expanded_Misc.bmp", "Rect": "64,64,48,48", "Center": "24,24" },
	"character_sonic_ending_0x02": { "File": "Expanded_Misc.bmp", "Rect": "120,64,48,48", "Center": "24,24" },
	"character_sonic_ending_0x03": { "File": "Expanded_Misc.bmp", "Rect": "176,64,48,48", "Center": "24,24" },

	"tornado_sonic_pilot": { "File": "Expanded_Misc.bmp", "Rect": "8,120,48,48", "Center": "28,32" },
	"tornado_sonic_pilot_small": { "File": "Expanded_Misc.bmp", "Rect": "64,128,32,32", "Center": "16,20" },
	"tornado_sonic_small": { "File": "Expanded_Misc.bmp", "Rect": "104,128,32,32", "Center": "16,20" }
}
