{
	"character_tails_0x01": { "File": "character_tails_t.png", "Rect": "8,64,48,48", "Center": "24,32" },
	"character_tails_0x02": { "File": "character_tails_t.png", "Rect": "64,64,48,48", "Center": "24,32" },
	"character_tails_0x03": { "File": "character_tails_t.png", "Rect": "120,64,48,48", "Center": "24,32" },
	"character_tails_0x04": { "File": "character_tails_t.png", "Rect": "176,64,48,48", "Center": "24,32" },
	"character_tails_0x05": { "File": "character_tails_t.png", "Rect": "232,64,48,48", "Center": "24,32" },
	"character_tails_0x06": { "File": "character_tails_t.png", "Rect": "288,64,48,48", "Center": "24,32" },
	"character_tails_0x07": { "File": "character_tails_t.png", "Rect": "344,64,48,48", "Center": "24,32" },
	"character_tails_0x08": { "File": "character_tails_t.png", "Rect": "400,64,48,48", "Center": "24,32" },
	"character_tails_0x09": { "File": "character_tails_t.png", "Rect": "456,4,48,48", "Center": "24,32" },
	"character_tails_0x0a": { "File": "character_tails_t.png", "Rect": "508,8,48,48", "Center": "24,32" },
	"character_tails_0x0b": { "File": "character_tails_t.png", "Rect": "568,8,48,48", "Center": "24,32" },
	"character_tails_0x0c": { "File": "character_tails_t.png", "Rect": "620,8,48,48", "Center": "24,32" },
	"character_tails_0x0d": { "File": "character_tails_t.png", "Rect": "680,4,48,48", "Center": "24,32" },
	"character_tails_0x0e": { "File": "character_tails_t.png", "Rect": "732,4,48,48", "Center": "24,32" },
	"character_tails_0x0f": { "File": "character_tails_t.png", "Rect": "792,8,48,48", "Center": "24,32" },
	"character_tails_0x10": { "File": "character_tails_t.png", "Rect": "848,8,48,48", "Center": "24,32" },
	"character_tails_0x11": { "File": "character_tails_t.png", "Rect": "8,64,48,48", "Center": "24,32" },
	"character_tails_0x12": { "File": "character_tails_t.png", "Rect": "64,64,48,48", "Center": "24,32" },
	"character_tails_0x13": { "File": "character_tails_t.png", "Rect": "120,68,48,48", "Center": "24,32" },
	"character_tails_0x14": { "File": "character_tails_t.png", "Rect": "176,68,48,48", "Center": "24,32" },
	"character_tails_0x15": { "File": "character_tails_t.png", "Rect": "232,64,48,48", "Center": "24,32" },
	"character_tails_0x16": { "File": "character_tails_t.png", "Rect": "288,64,48,48", "Center": "24,32" },
	"character_tails_0x17": { "File": "character_tails_t.png", "Rect": "344,68,48,48", "Center": "24,32" },
	"character_tails_0x18": { "File": "character_tails_t.png", "Rect": "400,68,48,48", "Center": "24,32" },
	"character_tails_0x19": { "File": "character_tails_t.png", "Rect": "452,64,48,48", "Center": "24,32" },
	"character_tails_0x1a": { "File": "character_tails_t.png", "Rect": "512,60,48,48", "Center": "24,32" },
	"character_tails_0x1b": { "File": "character_tails_t.png", "Rect": "568,64,48,48", "Center": "24,32" },
	"character_tails_0x1c": { "File": "character_tails_t.png", "Rect": "624,60,48,48", "Center": "24,32" },
	"character_tails_0x1d": { "File": "character_tails_t.png", "Rect": "676,64,48,48", "Center": "24,32" },
	"character_tails_0x1e": { "File": "character_tails_t.png", "Rect": "732,60,48,48", "Center": "24,32" },
	"character_tails_0x1f": { "File": "character_tails_t.png", "Rect": "792,64,48,48", "Center": "24,32" },
	"character_tails_0x20": { "File": "character_tails_t.png", "Rect": "848,64,48,48", "Center": "24,32" },
	"character_tails_0x21": { "File": "character_tails_t.png", "Rect": "520,64,48,48", "Center": "24,32" },
	"character_tails_0x22": { "File": "character_tails_t.png", "Rect": "576,64,48,48", "Center": "24,32" },
	"character_tails_0x23": { "File": "character_tails_t.png", "Rect": "632,64,48,48", "Center": "24,32" },
	"character_tails_0x24": { "File": "character_tails_t.png", "Rect": "688,64,48,48", "Center": "24,32" },
	"character_tails_0x25": { "File": "character_tails_t.png", "Rect": "232,120,48,48", "Center": "24,32" },
	"character_tails_0x26": { "File": "character_tails_t.png", "Rect": "292,120,48,48", "Center": "24,32" },
	"character_tails_0x27": { "File": "character_tails_t.png", "Rect": "344,120,48,48", "Center": "24,32" },
	"character_tails_0x28": { "File": "character_tails_t.png", "Rect": "404,120,48,48", "Center": "24,32" },
	"character_tails_0x29": { "File": "character_tails_t.png", "Rect": "456,124,48,48", "Center": "24,32" },
	"character_tails_0x2a": { "File": "character_tails_t.png", "Rect": "512,124,48,48", "Center": "24,32" },
	"character_tails_0x2b": { "File": "character_tails_t.png", "Rect": "568,124,48,48", "Center": "24,32" },
	"character_tails_0x2c": { "File": "character_tails_t.png", "Rect": "624,124,48,48", "Center": "24,32" },
	"character_tails_0x2d": { "File": "character_tails_t.png", "Rect": "680,120,48,48", "Center": "24,32" },
	"character_tails_0x2e": { "File": "character_tails_t.png", "Rect": "736,124,48,48", "Center": "24,32" },
	"character_tails_0x2f": { "File": "character_tails_t.png", "Rect": "792,120,48,48", "Center": "24,32" },
	"character_tails_0x30": { "File": "character_tails_t.png", "Rect": "848,124,48,48", "Center": "24,32" },
	"character_tails_0x31": { "File": "character_tails_t.png", "Rect": "8,232,48,48", "Center": "24,32" },
	"character_tails_0x32": { "File": "character_tails_t.png", "Rect": "64,232,48,48", "Center": "24,32" },
	"character_tails_0x33": { "File": "character_tails_t.png", "Rect": "120,232,48,48", "Center": "24,32" },
	"character_tails_0x34": { "File": "character_tails_t.png", "Rect": "176,232,48,48", "Center": "24,32" },
	"character_tails_0x35": { "File": "character_tails_t.png", "Rect": "232,232,48,48", "Center": "24,32" },
	"character_tails_0x36": { "File": "character_tails_t.png", "Rect": "288,232,48,48", "Center": "24,32" },
	"character_tails_0x37": { "File": "character_tails_t.png", "Rect": "344,232,48,48", "Center": "24,32" },
	"character_tails_0x38": { "File": "character_tails_t.png", "Rect": "400,232,48,48", "Center": "24,32" },
	"character_tails_0x39": { "File": "character_tails_t.png", "Rect": "456,232,48,48", "Center": "24,32" },
	"character_tails_0x3a": { "File": "character_tails_t.png", "Rect": "512,232,48,48", "Center": "24,32" },
	"character_tails_0x3b": { "File": "character_tails_t.png", "Rect": "568,232,48,48", "Center": "24,32" },
	"character_tails_0x3c": { "File": "character_tails_t.png", "Rect": "624,232,48,48", "Center": "24,32" },
	"character_tails_0x3d": { "File": "character_tails_t.png", "Rect": "8,288,48,48", "Center": "24,28" },
	"character_tails_0x3e": { "File": "character_tails_t.png", "Rect": "64,288,48,48", "Center": "24,28" },
	"character_tails_0x3f": { "File": "character_tails_t.png", "Rect": "120,288,48,48", "Center": "24,28" },
	"character_tails_0x40": { "File": "character_tails_t.png", "Rect": "176,288,48,48", "Center": "24,28" },
	"character_tails_0x41": { "File": "character_tails_t.png", "Rect": "232,288,48,48", "Center": "24,28" },
	"character_tails_0x42": { "File": "character_tails_t.png", "Rect": "288,288,48,48", "Center": "24,28" },
	"character_tails_0x43": { "File": "character_tails_t.png", "Rect": "344,288,48,48", "Center": "24,28" },
	"character_tails_0x44": { "File": "character_tails_t.png", "Rect": "400,288,48,48", "Center": "24,28" },
	"character_tails_0x45": { "File": "character_tails_t.png", "Rect": "456,288,48,40", "Center": "24,28" },
	"character_tails_0x46": { "File": "character_tails_t.png", "Rect": "512,288,48,48", "Center": "24,28" },
	"character_tails_0x47": { "File": "character_tails_t.png", "Rect": "568,288,48,48", "Center": "24,28" },
	"character_tails_0x48": { "File": "character_tails_t.png", "Rect": "624,288,48,48", "Center": "24,28" },
	"character_tails_0x49": { "File": "character_tails_t.png", "Rect": "8,400,48,48", "Center": "24,32" },
	"character_tails_0x4a": { "File": "character_tails_t.png", "Rect": "64,400,48,48", "Center": "24,32" },
	"character_tails_0x4b": { "File": "character_tails_t.png", "Rect": "120,400,48,48", "Center": "24,32" },
	"character_tails_0x4c": { "File": "character_tails_t.png", "Rect": "176,400,48,48", "Center": "24,32" },
	"character_tails_0x4d": { "File": "character_tails_t.png", "Rect": "232,400,48,48", "Center": "24,32" },
	"character_tails_0x4e": { "File": "character_tails_t.png", "Rect": "288,400,48,48", "Center": "24,32" },
	"character_tails_0x4f": { "File": "character_tails_t.png", "Rect": "344,400,48,48", "Center": "24,32" },
	"character_tails_0x50": { "File": "character_tails_t.png", "Rect": "400,400,48,48", "Center": "24,32" },
	"character_tails_0x51": { "File": "character_tails_t.png", "Rect": "456,400,48,48", "Center": "24,32" },
	"character_tails_0x52": { "File": "character_tails_t.png", "Rect": "512,400,48,48", "Center": "24,32" },
	"character_tails_0x53": { "File": "character_tails_t.png", "Rect": "568,400,48,48", "Center": "24,32" },
	"character_tails_0x54": { "File": "character_tails_t.png", "Rect": "624,400,48,48", "Center": "24,32" },
	"character_tails_0x55": { "File": "character_tails_t.png", "Rect": "8,176,48,48", "Center": "24,32" },
	"character_tails_0x56": { "File": "character_tails_t.png", "Rect": "64,176,48,48", "Center": "24,32" },
	"character_tails_0x57": { "File": "character_tails_t.png", "Rect": "120,176,48,48", "Center": "24,32" },
	"character_tails_0x58": { "File": "character_tails_t.png", "Rect": "176,176,48,48", "Center": "24,32" },
	"character_tails_0x59": { "File": "character_tails_t.png", "Rect": "232,176,48,48", "Center": "24,32" },
	"character_tails_0x5a": { "File": "character_tails_t.png", "Rect": "288,176,48,48", "Center": "24,32" },
	"character_tails_0x5b": { "File": "character_tails_t.png", "Rect": "344,176,48,48", "Center": "24,32" },
	"character_tails_0x5c": { "File": "character_tails_t.png", "Rect": "8,344,48,48", "Center": "20,32" },
	"character_tails_0x5d": { "File": "character_tails_t.png", "Rect": "64,344,48,48", "Center": "12,32" },
	"character_tails_0x5e": { "File": "character_tails_t.png", "Rect": "120,344,48,48", "Center": "28,32" },
	"character_tails_0x5f": { "File": "character_tails_t.png", "Rect": "176,344,48,48", "Center": "28,32" },
	"character_tails_0x60": { "File": "character_tails_t.png", "Rect": "232,344,48,48", "Center": "20,32" },
	"character_tails_0x61": { "File": "character_tails_t.png", "Rect": "288,344,48,48", "Center": "28,32" },
	"character_tails_0x62": { "File": "character_tails_t.png", "Rect": "8,8,48,48", "Center": "24,32" },
	"character_tails_0x63": { "File": "character_tails_t.png", "Rect": "520,344,48,40", "Center": "24,32" },
	"character_tails_0x64": { "File": "character_tails_t.png", "Rect": "576,344,48,48", "Center": "24,32" },
	"character_tails_0x65": { "File": "character_tails_t.png", "Rect": "632,344,48,48", "Center": "24,32" },
	"character_tails_0x66": { "File": "character_tails_t.png", "Rect": "688,344,48,48", "Center": "24,24" },
	"character_tails_0x67": { "File": "character_tails_t.png", "Rect": "744,344,48,48", "Center": "24,32" },
	"character_tails_0x68": { "File": "character_tails_t.png", "Rect": "800,344,48,48", "Center": "24,32" },
	"character_tails_0x69": { "File": "character_tails_t.png", "Rect": "8,456,48,48", "Center": "24,32" },
	"character_tails_0x6a": { "File": "character_tails_t.png", "Rect": "64,456,48,48", "Center": "24,32" },
	"character_tails_0x6b": { "File": "character_tails_t.png", "Rect": "120,456,48,48", "Center": "24,32" },
	"character_tails_0x6c": { "File": "character_tails_t.png", "Rect": "184,456,48,48", "Center": "24,32" },
	"character_tails_0x6d": { "File": "character_tails_t.png", "Rect": "240,456,48,48", "Center": "24,32" },
	"character_tails_0x6e": { "File": "character_tails_t.png", "Rect": "296,456,48,48", "Center": "24,32" },
	"character_tails_0x6f": { "File": "character_tails_t.png", "Rect": "352,456,48,48", "Center": "24,32" },
	"character_tails_0x70": { "File": "character_tails_t.png", "Rect": "408,456,48,48", "Center": "24,32" },
	"character_tails_0x71": { "File": "character_tails_t.png", "Rect": "464,456,48,48", "Center": "24,32" },
	"character_tails_0x72": { "File": "character_tails_t.png", "Rect": "520,456,48,48", "Center": "24,32" },
	"character_tails_0x73": { "File": "character_tails_t.png", "Rect": "576,456,48,48", "Center": "24,32" },
	"character_tails_0x74": { "File": "character_tails_t.png", "Rect": "632,456,48,48", "Center": "24,32" },
	"character_tails_0x75": { "File": "character_tails_t.png", "Rect": "688,456,48,48", "Center": "24,32" },
	"character_tails_0x76": { "File": "character_tails_t.png", "Rect": "744,456,48,48", "Center": "24,32" },
	"character_tails_0x77": { "File": "character_tails_t.png", "Rect": "800,456,48,48", "Center": "24,32" },
	"character_tails_0x78": { "File": "character_tails_t.png", "Rect": "808,176,48,48", "Center": "24,32" },
	"character_tails_0x79": { "File": "character_tails_t.png", "Rect": "452,400,48,48", "Center": "24,32" },
	"character_tails_0x7a": { "File": "character_tails_t.png", "Rect": "508,400,48,48", "Center": "24,32" },
	"character_tails_0x7b": { "File": "character_tails_t.png", "Rect": "568,396,48,48", "Center": "24,32" },
	"character_tails_0x7c": { "File": "character_tails_t.png", "Rect": "624,396,48,48", "Center": "24,32" },
	"character_tails_0x7d": { "File": "character_tails_t.png", "Rect": "676,400,48,48", "Center": "24,32" },
	"character_tails_0x7e": { "File": "character_tails_t.png", "Rect": "732,400,48,48", "Center": "24,32" },
	"character_tails_0x7f": { "File": "character_tails_t.png", "Rect": "792,396,48,48", "Center": "24,32" },
	"character_tails_0x80": { "File": "character_tails_t.png", "Rect": "8,512,48,48", "Center": "24,24" },
	"character_tails_0x81": { "File": "character_tails_t.png", "Rect": "64,512,48,48", "Center": "24,24" },
	"character_tails_0x82": { "File": "character_tails_t.png", "Rect": "120,512,48,48", "Center": "24,24" },
	"character_tails_0x83": { "File": "character_tails_t.png", "Rect": "176,512,48,48", "Center": "24,24" },
	"character_tails_0x84": { "File": "character_tails_t.png", "Rect": "232,512,48,48", "Center": "24,24" },
	"character_tails_0x85": { "File": "character_tails_t.png", "Rect": "288,512,48,48", "Center": "24,24" },
	"character_tails_0x86": { "File": "character_tails_t.png", "Rect": "424,120,48,48", "Center": "24,32" },
	"character_tails_0x87": { "File": "character_tails_t.png", "Rect": "480,120,48,48", "Center": "24,32" },
	"character_tails_0x88": { "File": "character_tails_t.png", "Rect": "536,120,48,48", "Center": "24,32" },
	"character_tails_0x89": { "File": "character_tails_t.png", "Rect": "760,120,48,48", "Center": "24,32" },
	"character_tails_0x8a": { "File": "character_tails_t.png", "Rect": "816,120,48,48", "Center": "24,32" },
	"character_tails_0x8b": { "File": "character_tails_t.png", "Rect": "832,8,48,48", "Center": "24,32" },
	"character_tails_0x8c": { "File": "character_tails_t.png", "Rect": "888,8,48,48", "Center": "24,32" },
	"character_tails_0x8d": { "File": "character_tails_t.png", "Rect": "952,8,48,48", "Center": "24,32" },
	"character_tails_0x8e": { "File": "character_tails_t.png", "Rect": "592,568,48,48", "Center": "24,32" },
	"character_tails_0x8f": { "File": "character_tails_t.png", "Rect": "648,568,48,48", "Center": "24,32" },
	"character_tails_0x90": { "File": "character_tails_t.png", "Rect": "352,512,48,48", "Center": "24,24" },
	"character_tails_0x91": { "File": "character_tails_t.png", "Rect": "408,512,48,48", "Center": "24,24" },
	"character_tails_0x92": { "File": "character_tails_t.png", "Rect": "464,512,48,48", "Center": "23,24" },
	"character_tails_0x93": { "File": "character_tails_t.png", "Rect": "520,512,48,48", "Center": "24,24" },
	"character_tails_0x94": { "File": "character_tails_t.png", "Rect": "584,512,48,48", "Center": "24,24" },
	"character_tails_0x95": { "File": "character_tails_t.png", "Rect": "640,512,48,48", "Center": "24,24" },
	"character_tails_0x96": { "File": "character_tails_t.png", "Rect": "8,120,48,48", "Center": "24,32" },
	"character_tails_0x97": { "File": "character_tails_t.png", "Rect": "64,120,48,48", "Center": "24,32" },
	"character_tails_0x98": { "File": "character_tails_t.png", "Rect": "120,120,48,48", "Center": "24,32" },
	"character_tails_0x99": { "File": "character_tails_t.png", "Rect": "768,8,48,48", "Center": "24,32" },
	"character_tails_0x9a": { "File": "character_tails_t.png", "Rect": "240,568,48,48", "Center": "24,32" },
	"character_tails_0x9b": { "File": "character_tails_t.png", "Rect": "296,568,48,48", "Center": "24,32" },
	"character_tails_0x9c": { "File": "character_tails_t.png", "Rect": "520,8,48,48", "Center": "24,32" },
	"character_tails_0x9d": { "File": "character_tails_t.png", "Rect": "864,344,56,48", "Center": "24,32" },
	"character_tails_0x9e": { "File": "character_tails_t.png", "Rect": "928,344,56,48", "Center": "24,32" },
	"character_tails_0x9f": { "File": "character_tails_t.png", "Rect": "880,120,48,48", "Center": "24,32" },
	"character_tails_0xa0": { "File": "character_tails_t.png", "Rect": "880,64,48,48", "Center": "24,28" },
	"character_tails_0xa1": { "File": "character_tails_t.png", "Rect": "184,120,48,48", "Center": "24,28" },
	"character_tails_0xa2": { "File": "character_tails_t.png", "Rect": "240,120,48,48", "Center": "24,28" },
	"character_tails_0xa3": { "File": "character_tails_t.png", "Rect": "304,120,48,48", "Center": "24,28" },
	"character_tails_0xa4": { "File": "character_tails_t.png", "Rect": "360,120,48,48", "Center": "24,28" },
	"character_tails_0xa5": { "File": "character_tails_t.png", "Rect": "752,680,48,48", "Center": "24,32" },
	"character_tails_0xa6": { "File": "character_tails_t.png", "Rect": "808,680,48,48", "Center": "24,32" },
	"character_tails_0xa7": { "File": "character_tails_t.png", "Rect": "864,272,48,56", "Center": "28,32" },
	"character_tails_0xa8": { "File": "character_tails_t.png", "Rect": "920,272,48,56", "Center": "28,32" },
	"character_tails_0xa9": { "File": "character_tails_t.png", "Rect": "8,568,48,48", "Center": "24,32" },
	"character_tails_0xaa": { "File": "character_tails_t.png", "Rect": "64,568,48,48", "Center": "24,32" },
	"character_tails_0xab": { "File": "character_tails_t.png", "Rect": "120,568,48,48", "Center": "24,32" },
	"character_tails_0xac": { "File": "character_tails_t.png", "Rect": "176,568,48,48", "Center": "24,32" },
	"character_tails_0xad": { "File": "character_tails_t.png", "Rect": "8,8,48,48", "Center": "24,32" },
	"character_tails_0xae": { "File": "character_tails_t.png", "Rect": "64,8,48,48", "Center": "24,32" },
	"character_tails_0xaf": { "File": "character_tails_t.png", "Rect": "120,8,48,48", "Center": "24,32" },
	"character_tails_0xb0": { "File": "character_tails_t.png", "Rect": "648,8,48,48", "Center": "24,32" },
	"character_tails_0xb1": { "File": "character_tails_t.png", "Rect": "184,8,48,48", "Center": "24,32" },
	"character_tails_0xb2": { "File": "character_tails_t.png", "Rect": "240,8,48,48", "Center": "24,32" },
	"character_tails_0xb3": { "File": "character_tails_t.png", "Rect": "296,8,48,48", "Center": "24,32" },
	"character_tails_0xb4": { "File": "character_tails_t.png", "Rect": "352,8,48,48", "Center": "24,32" },
	"character_tails_0xb5": { "File": "character_tails_t.png", "Rect": "8,680,48,48", "Center": "24,32" },
	"character_tails_0xb6": { "File": "character_tails_t.png", "Rect": "64,680,48,48", "Center": "24,32" },
	"character_tails_0xb7": { "File": "character_tails_t.png", "Rect": "120,680,48,48", "Center": "24,32" },
	"character_tails_0xb8": { "File": "character_tails_t.png", "Rect": "176,680,48,48", "Center": "24,32" },
	"character_tails_0xb9": { "File": "character_tails_t.png", "Rect": "232,680,48,48", "Center": "24,32" },
	"character_tails_0xba": { "File": "character_tails_t.png", "Rect": "288,680,48,48", "Center": "24,32" },
	"character_tails_0xbb": { "File": "character_tails_t.png", "Rect": "344,680,48,48", "Center": "24,32" },
	"character_tails_0xbc": { "File": "character_tails_t.png", "Rect": "400,680,48,48", "Center": "24,32" },
	"character_tails_0xbd": { "File": "character_tails_t.png", "Rect": "688,400,48,48", "Center": "24,32" },
	"character_tails_0xbe": { "File": "character_tails_t.png", "Rect": "744,400,48,48", "Center": "24,32" },
	"character_tails_0xbf": { "File": "character_tails_t.png", "Rect": "800,400,48,48", "Center": "24,32" },
	"character_tails_0xc0": { "File": "character_tails_t.png", "Rect": "856,400,48,48", "Center": "24,32" },
	"character_tails_0xc1": { "File": "character_tails_t.png", "Rect": "912,400,48,48", "Center": "24,32" },
	"character_tails_0xc2": { "File": "character_tails_t.png", "Rect": "688,288,48,48", "Center": "24,32" },
	"character_tails_0xc3": { "File": "character_tails_t.png", "Rect": "752,64,48,48", "Center": "24,32" },
	"character_tails_0xc4": { "File": "character_tails_t.png", "Rect": "808,64,48,48", "Center": "24,32" },
	"character_tails_0xc5": { "File": "character_tails_t.png", "Rect": "236,680,48,48", "Center": "24,32" },
	"character_tails_0xc6": { "File": "character_tails_t.png", "Rect": "292,680,48,48", "Center": "24,32" },
	"character_tails_0xc7": { "File": "character_tails_t.png", "Rect": "348,680,48,48", "Center": "24,32" },
	"character_tails_0xc8": { "File": "character_tails_t.png", "Rect": "8,680,48,48", "Center": "24,32" },
	"character_tails_0xc9": { "File": "character_tails_t.png", "Rect": "64,680,48,48", "Center": "24,32" },
	"character_tails_0xca": { "File": "character_tails_t.png", "Rect": "120,680,48,48", "Center": "24,32" },
	"character_tails_0xcb": { "File": "character_tails_t.png", "Rect": "688,232,48,48", "Center": "24,32" },
	"character_tails_0xcc": { "File": "character_tails_t.png", "Rect": "744,232,48,48", "Center": "24,32" },
	"character_tails_0xcd": { "File": "character_tails_t.png", "Rect": "744,288,48,48", "Center": "24,32" },
	"character_tails_0xce": { "File": "character_tails_t.png", "Rect": "800,288,48,48", "Center": "24,32" },
	"character_tails_0xcf": { "File": "character_tails_t.png", "Rect": "400,680,48,48", "Center": "24,32" },
	"character_tails_0xd0": { "File": "character_tails_t.png", "Rect": "688,232,48,48", "Center": "24,32" },
	"character_tails_0xd1": { "File": "character_tails_t.png", "Rect": "8,624,48,48", "Center": "24,32" },
	"character_tails_0xd2": { "File": "character_tails_t.png", "Rect": "8,624,48,48", "Center": "24,32" },
	"character_tails_0xd3": { "File": "character_tails_t.png", "Rect": "8,624,48,48", "Center": "24,32" },
	"character_tails_0xd4": { "File": "character_tails_t.png", "Rect": "8,624,48,48", "Center": "24,32" },
	"character_tails_0xd5": { "File": "character_tails_t.png", "Rect": "8,624,48,48", "Center": "24,32" },
	"character_tails_0xd6": { "File": "character_tails_t.png", "Rect": "8,624,48,48", "Center": "24,32" },
	"character_tails_0xd7": { "File": "character_tails_t.png", "Rect": "8,624,48,48", "Center": "24,32" },
	"character_tails_0xd8": { "File": "character_tails_t.png", "Rect": "8,624,48,48", "Center": "24,32" },
	"character_tails_0xd9": { "File": "character_tails_t.png", "Rect": "8,624,48,48", "Center": "24,32" },
	"character_tails_0xda": { "File": "character_tails_t.png", "Rect": "8,624,48,48", "Center": "24,32" },
	"character_tails_0xdb": { "File": "character_tails_t.png", "Rect": "8,624,48,48", "Center": "24,32" },
	"character_tails_0xdc": { "File": "character_tails_t.png", "Rect": "8,624,48,48", "Center": "24,32" },
	"character_tails_0xdd": { "File": "character_tails_t.png", "Rect": "8,624,48,48", "Center": "24,32" },
	"character_tails_0xde": { "File": "character_tails_t.png", "Rect": "8,624,48,48", "Center": "24,32" },
	"character_tails_0xdf": { "File": "character_tails_t.png", "Rect": "8,624,48,48", "Center": "24,32" },
	"character_tails_0xe0": { "File": "character_tails_t.png", "Rect": "64,624,48,40", "Center": "24,32" },
	"character_tails_0xe1": { "File": "character_tails_t.png", "Rect": "120,624,48,48", "Center": "24,32" },
	"character_tails_0xe2": { "File": "character_tails_t.png", "Rect": "176,624,48,48", "Center": "24,32" },
	"character_tails_0xe3": { "File": "character_tails_t.png", "Rect": "232,624,48,48", "Center": "24,32" },
	"character_tails_0xe4": { "File": "character_tails_t.png", "Rect": "408,176,48,48", "Center": "24,24" },
	"character_tails_0xe5": { "File": "character_tails_t.png", "Rect": "464,176,48,48", "Center": "24,24" },
	"character_tails_0xe6": { "File": "character_tails_t.png", "Rect": "520,176,48,48", "Center": "24,24" },
	"character_tails_0xe7": { "File": "character_tails_t.png", "Rect": "576,176,48,48", "Center": "24,24" },
	"character_tails_0xe8": { "File": "character_tails_t.png", "Rect": "632,176,48,48", "Center": "24,24" },
	"character_tails_0xe9": { "File": "character_tails_t.png", "Rect": "688,176,48,48", "Center": "24,24" },
	"character_tails_0xea": { "File": "character_tails_t.png", "Rect": "744,176,48,48", "Center": "24,24" },
	"character_tails_0xeb": { "File": "character_tails_t.png", "Rect": "464,680,48,48", "Center": "24,32" },
	"character_tails_0xec": { "File": "character_tails_t.png", "Rect": "520,680,48,48", "Center": "24,32" },
	"character_tails_0xed": { "File": "character_tails_t.png", "Rect": "576,680,48,48", "Center": "24,32" },
	"character_tails_0xee": { "File": "character_tails_t.png", "Rect": "576,680,48,48", "Center": "24,32" },
	"character_tails_0xef": { "File": "character_tails_t.png", "Rect": "296,624,48,48", "Center": "24,32" },
	"character_tails_0xf0": { "File": "character_tails_t.png", "Rect": "352,624,48,48", "Center": "24,32" },
	"character_tails_0xf1": { "File": "character_tails_t.png", "Rect": "408,624,48,48", "Center": "24,32" },
	"character_tails_0xf2": { "File": "character_tails_t.png", "Rect": "464,624,48,48", "Center": "24,32" },
	"character_tails_0xf3": { "File": "character_tails_t.png", "Rect": "520,624,48,48", "Center": "24,32" },
	"character_tails_0xf4": { "File": "character_tails_t.png", "Rect": "576,624,48,48", "Center": "24,32" },
	"character_tails_0xf5": { "File": "character_tails_t.png", "Rect": "632,624,48,48", "Center": "24,32" },
	"character_tails_0xf6": { "File": "character_tails_t.png", "Rect": "688,624,48,48", "Center": "24,32" },
	"character_tails_0xf7": { "File": "character_tails_t.png", "Rect": "744,624,48,48", "Center": "24,32" },
	"character_tails_0xf8": { "File": "character_tails_t.png", "Rect": "800,624,48,48", "Center": "24,32" },
	"character_tails_0xf9": { "File": "character_tails_t.png", "Rect": "856,624,48,48", "Center": "24,32" },
	"character_tails_0xfa": { "File": "character_tails_t.png", "Rect": "912,624,48,48", "Center": "24,32" },

	"character_tails_tails_0x01": { "File": "character_tails_t.png", "Rect": "256,736,40,40", "Center": "42,16" },
	"character_tails_tails_0x02": { "File": "character_tails_t.png", "Rect": "304,736,40,40", "Center": "42,16" },
	"character_tails_tails_0x03": { "File": "character_tails_t.png", "Rect": "352,736,40,40", "Center": "42,16" },
	"character_tails_tails_0x04": { "File": "character_tails_t.png", "Rect": "400,736,40,40", "Center": "42,16" },
	"character_tails_tails_0x05": { "File": "character_tails_t.png", "Rect": "448,736,40,40", "Center": "48,24" },
	"character_tails_tails_0x06": { "File": "character_tails_t.png", "Rect": "496,736,40,40", "Center": "48,24" },
	"character_tails_tails_0x07": { "File": "character_tails_t.png", "Rect": "544,736,40,40", "Center": "48,24" },
	"character_tails_tails_0x08": { "File": "character_tails_t.png", "Rect": "592,736,40,40", "Center": "48,24" },
	"character_tails_tails_0x09": { "File": "character_tails_t.png", "Rect": "260,4,40,40", "Center": "44,20" },
	"character_tails_tails_0x0a": { "File": "character_tails_t.png", "Rect": "292,4,40,40", "Center": "44,20" },
	"character_tails_tails_0x0b": { "File": "character_tails_t.png", "Rect": "324,4,40,40", "Center": "44,20" },
	"character_tails_tails_0x0c": { "File": "character_tails_t.png", "Rect": "356,4,40,40", "Center": "44,20" },
	"character_tails_tails_0x0d": { "File": "character_tails_t.png", "Rect": "392,0,40,40", "Center": "44,20" },
	"character_tails_tails_0x0e": { "File": "character_tails_t.png", "Rect": "424,0,40,40", "Center": "44,20" },
	"character_tails_tails_0x0f": { "File": "character_tails_t.png", "Rect": "456,0,40,40", "Center": "44,20" },
	"character_tails_tails_0x10": { "File": "character_tails_t.png", "Rect": "488,0,40,40", "Center": "44,20" },
	"character_tails_tails_0x11": { "File": "character_tails_t.png", "Rect": "8,24,40,40", "Center": "44,20" },
	"character_tails_tails_0x12": { "File": "character_tails_t.png", "Rect": "40,24,40,40", "Center": "44,20" },
	"character_tails_tails_0x13": { "File": "character_tails_t.png", "Rect": "72,24,40,40", "Center": "44,20" },
	"character_tails_tails_0x14": { "File": "character_tails_t.png", "Rect": "104,24,40,40", "Center": "44,20" },
	"character_tails_tails_0x1a": { "File": "character_tails_t.png", "Rect": "648,736,40,40", "Center": "44,24" },
	"character_tails_tails_0x1b": { "File": "character_tails_t.png", "Rect": "696,736,40,40", "Center": "44,24" },
	"character_tails_tails_0x1c": { "File": "character_tails_t.png", "Rect": "744,736,40,40", "Center": "44,24" },
	"character_tails_tails_0x1d": { "File": "character_tails_t.png", "Rect": "792,736,40,40", "Center": "44,24" },
	"character_tails_tails_0x1e": { "File": "character_tails_t.png", "Rect": "8,784,40,40", "Center": "40,16" },
	"character_tails_tails_0x1f": { "File": "character_tails_t.png", "Rect": "56,784,40,40", "Center": "40,16" },
	"character_tails_tails_0x20": { "File": "character_tails_t.png", "Rect": "104,784,40,40", "Center": "40,16" },
	"character_tails_tails_0x21": { "File": "character_tails_t.png", "Rect": "152,784,40,40", "Center": "40,16" },
	"character_tails_tails_0x22": { "File": "character_tails_t.png", "Rect": "8,736,40,40", "Center": "42,20" },
	"character_tails_tails_0x23": { "File": "character_tails_t.png", "Rect": "56,736,40,40", "Center": "42,20" },
	"character_tails_tails_0x24": { "File": "character_tails_t.png", "Rect": "104,736,40,40", "Center": "42,20" },
	"character_tails_tails_0x25": { "File": "character_tails_t.png", "Rect": "152,736,40,40", "Center": "42,20" },
	"character_tails_tails_0x26": { "File": "character_tails_t.png", "Rect": "200,736,40,40", "Center": "42,20" },
	"character_tails_tails_0x27": { "File": "character_tails_t.png", "Rect": "848,736,40,40", "Center": "26,29" },
	"character_tails_tails_0x28": { "File": "character_tails_t.png", "Rect": "896,736,40,40", "Center": "26,29" },
	"character_tails_tails_0x29": { "File": "character_tails_t.png", "Rect": "200,784,40,40", "Center": "40,24" },
	"character_tails_tails_0x2a": { "File": "character_tails_t.png", "Rect": "248,784,40,40", "Center": "40,24" },
	"character_tails_tails_0x2b": { "File": "character_tails_t.png", "Rect": "296,784,40,40", "Center": "40,24" },
	"character_tails_tails_0x2c": { "File": "character_tails_t.png", "Rect": "344,784,40,40", "Center": "40,24" }
}
